{
    "train_accuracy": 60.6116548817444,
    "train_loss": 1.1185391558396323,
    "val_accuracy": 55.64224017832265,
    "val_loss": 1.2202130751079687,
    "test_accuracy": 62.99804959598774,
    "test_loss": 1.1883010587907494
}