{
    "train_accuracy": 25.38228430109025,
    "train_loss": 15.832752053615511,
    "val_accuracy": 25.160211758149902,
    "val_loss": 16.143127014762477,
    "test_accuracy": 24.965171356923936,
    "test_loss": 16.569655980980187
}