{
    "train_accuracy": 24.149221498484795,
    "train_loss": 41.96236204941714,
    "val_accuracy": 25.6896071329061,
    "val_loss": 40.62154196856315,
    "test_accuracy": 25.02089718584564,
    "test_loss": 46.75874663131279
}