{
    "train_accuracy": 32.27907624786652,
    "train_loss": 1.7541571259498596,
    "val_accuracy": 31.23432711061577,
    "val_loss": 1.7876173728390743,
    "test_accuracy": 31.54081916968515,
    "test_loss": 1.7891004775699817
}